<?xml version="1.0" encoding="UTF-8"?>
<!DOCTYPE resources PUBLIC "-//GlassFish.org//DTD GlassFish Application Server 4.1 Resource Definitions//EN" "http://glassfish.org/dtds/glassfish-resources_1_5.dtd">
<resource name="jdbc/studentdb" res-type="javax.sql.DataSource"
datasource-classname="com.mysql.jdbc.DataSource"
pool-resize-quantity="1" max-pool-size="5" steady-pool-size="0"
statement-timeout-in-seconds="60" >
   <property name="serverName" value="localhost" />
   <property name="portNumber" value="8282" />
   <property name="dataBaseName" value="studentdb" />
   <property name="User" value="root" />
   <property name="Password" value="naddouch" />
   <property name="connectionAttributes" value=";create=true" />
   <property name="driverType" value="4"/>
	<property name="url" value="jdbc:mysql://localhost:3306/studentdb?useSSL=false"/>

 
</resource>
